States,Andaman & Nicobar,Andhra Pradesh,Arunachal Pradesh,Assam,Bihar,Chandigarh,Chhattisgarh,Delhi,Goa,Gujarat,Haryana,Himachal Pradesh,Jammu & Kashmir,Jharkhand,Karnataka,Kerala,Ladakh,Madhya Pradesh,Maharashtra,Manipur,Meghalaya,Mizoram,Odisha,Puducherry,Punjab,Rajasthan,Tamil Nadu,Telangana,Tripura,Uttar Pradesh,Uttarakhand,West Bengal,India
30th April,34.04058,1450.6997,1.0132437,37.650368,463.90862999999996,78.47837,37.357464,3768.7340000000004,6.986403500000001,4432.287,321.52797999999996,40.91253,611.5498,111.61573,571.9773,502.17812999999995,22.113216,2526.2263,11048.874,1.9462091000000001,12.074739,1.0037004999999999,137.49107,7.9755899999999995,376.05258,2624.6904,2218.3635,1043.875,1.9804238,2335.13,56.141937,775.1137,35659.9696
1st May,,,,,,,,,,,,,,,,,,,,,,,,,,,,,,,,,
