States,India,Maharashtra,Gujarat,Delhi,Rajasthan,Madhya Pradesh,Tamil Nadu,Uttar Pradesh,Andhra Pradesh,Telangana,West Bengal,Karnataka,Jammu and Kashmir,Kerala,Punjab,Haryana,Bihar,Odisha,Jharkhand,Uttarakhand,Himachal Pradesh,Chhattisgarh,Assam,Andaman and Nicobar,Chandigarh,Ladakh,Meghalaya,Puducherry,Goa,Manipur,Tripura,Arunachal Pradesh,Mizoram
30th April,35659.9696,11048.874,4432.287,3768.7340000000004,2624.6904,2526.2263,2218.3635,2335.13,1450.6997,1043.875,775.1137,571.9773,611.5498,502.17812999999995,376.05258,321.52797999999996,463.90862999999996,137.49107,111.61573,56.141937,40.91253,37.357464,37.650368,34.04058,78.47837,22.113216,12.074739,7.9755899999999995,6.986403500000001,1.9462091000000001,1.9804238,1.0132437,1.0037004999999999
1st May,37114.8334,11340.49,4707.2124,3827.3308,2815.6206,2648.0757,2437.547,2426.61,1529.749,1040.4854,814.5780599999999,565.7921,640.2555,504.6778,432.86276,336.86694,447.12622000000005,146.3383,110.58056,58.103609999999996,40.28347,37.933370000000004,41.564056,33.266518,74.53005999999999,23.515632999999998,12.084928999999999,8.287046,7.0666046,2.0029614,1.9964966,0.98769194,1.0117902
2nd May,39598.1165,12548.874,5034.0957,3926.5483,2900.0609999999997,2747.0488,2612.3967,2410.6707,1602.3546,1056.9645,822.22656,583.586,657.53467,503.7602,675.17645,361.85596,499.6475,165.44582,114.77611499999999,59.65258000000001,40.324490000000004,40.01867,43.290672,32.643772,102.87804399999999,23.218609,12.063409,8.237663000000001,6.845935300000001,1.9857334999999998,1.9781927,0.9748992,0.9802665
